{
  "config": {
    "model_name": "model_v2",
    "dataset": "plantvillage_user2",
    "epochs": 10,
    "batch_size": 32,
    "lr": 0.001,
    "weight_decay": 0.0001,
    "data_root": "data/user2_plants"
  },
  "class_names": [
    "Pepper__bell___Bacterial_spot",
    "Potato___Early_blight",
    "Tomato_Leaf_Mold",
    "Tomato__Target_Spot",
    "Tomato__Tomato_mosaic_virus"
  ],
  "train_loss": [
    0.7142934649551701,
    0.3787876747985789,
    0.28602673317977895,
    0.2352969360600366,
    0.2362423885593397,
    0.1656210070585238,
    0.13528156373368128,
    0.1291694974473802,
    0.14048954437014124,
    0.13649907760452806
  ],
  "train_acc": [
    0.7380520266182699,
    0.8623714458560193,
    0.895946763460375,
    0.9195402298850575,
    0.9128856624319419,
    0.9428312159709619,
    0.9555353901996371,
    0.9555353901996371,
    0.9497882637628554,
    0.9528130671506352
  ],
  "val_loss": [
    1.2752919487085288,
    1.7689872949171275,
    0.41164336646392563,
    0.35984765265200275,
    0.9803603165611499,
    0.24430526473520525,
    0.18620619552985634,
    0.3969391718932838,
    0.09458833008941274,
    0.17990214159420662
  ],
  "val_acc": [
    0.6742209631728046,
    0.6005665722379604,
    0.8356940509915014,
    0.8739376770538244,
    0.7393767705382436,
    0.9093484419263456,
    0.9305949008498584,
    0.8668555240793201,
    0.9716713881019831,
    0.9277620396600567
  ],
  "best_val_acc": 0.9716713881019831,
  "test_loss": 0.08385841612878885,
  "test_acc": 0.9677871148459384,
  "training_time_sec": 39.55967903137207
}